Code,Constituency,Latitude,Longitude,Postcodes,Active Postcodes
W07000081,Aberafan Maesteg,51.598900,-3.740770,2753,2219
S14000060,Aberdeen North,57.170101,-2.143850,6487,2970
S14000061,Aberdeen South,57.132801,-2.124660,8033,3379
S14000062,Aberdeenshire North and Moray East,57.597198,-2.335030,9532,3852
S14000063,Airdrie and Shotts,55.845200,-3.926760,2620,2254
E14001063,Aldershot,51.282200,-0.767821,4246,2749
E14001064,Aldridge-Brownhills,52.607101,-1.927180,2352,1917
S14000064,Alloa and Grangemouth,56.077900,-3.780500,2804,2338
E14001065,Altrincham and Sale West,53.394001,-2.342090,4559,2911
W07000082,Alyn and Deeside,53.193298,-3.057540,3304,2767
E14001066,Amber Valley,53.048199,-1.388890,3253,2001
S14000065,Angus and Perthshire Glens,56.638500,-3.122860,4724,4085
S14000066,Arbroath and Broughty Ferry,56.519001,-2.770160,3477,2949
S14000067,"Argyll, Bute and South Lochaber",56.076900,-5.218340,4479,3595
E14001067,Arundel and South Downs,50.937901,-0.546633,5195,3695
E14001068,Ashfield,53.111301,-1.263510,2402,2054
E14001069,Ashford,51.141602,0.915096,4407,2777
E14001070,Ashton-under-Lyne,53.485600,-2.113020,3934,2617
E14001071,Aylesbury,51.822601,-0.790748,4344,2816
S14000107,"Ayr, Carrick and Cumnock",55.406898,-4.581360,3783,3052
E14001072,Banbury,52.019299,-1.378380,5719,3396
W07000083,Bangor Aberconwy,53.227100,-3.869740,4474,3662
E14001073,Barking,51.538502,0.106938,2626,1807
E14001074,Barnsley North,53.570000,-1.464190,3785,2885
E14001075,Barnsley South,53.527302,-1.409740,3232,2839
E14001076,Barrow and Furness,54.159000,-3.198850,4069,3397
E14001077,Basildon and Billericay,51.592300,0.445028,3798,2454
E14001078,Basingstoke,51.263599,-1.101470,3829,2378
E14001079,Bassetlaw,53.338902,-1.047980,4110,3281
E14001080,Bath,51.382500,-2.362000,4567,2962
S14000068,Bathgate and Linlithgow,55.927399,-3.631130,2954,2434
E14001081,Battersea,51.468498,-0.154100,4638,2412
E14001082,Beaconsfield,51.565800,-0.650229,4532,3112
E14001083,Beckenham and Penge,51.402802,-0.034450,3885,2341
E14001084,Bedford,52.135700,-0.466803,4338,2601
N05000001,Belfast East,54.591400,-5.860170,3224,2267
N05000002,Belfast North,54.634399,-5.940540,3232,2264
N05000003,Belfast South and Mid Down,54.568802,-5.925870,4683,2736
N05000004,Belfast West,54.583401,-5.983920,2371,1922
E14001085,Bermondsey and Old Southwark,51.497200,-0.076021,5829,3313
S14000108,"Berwickshire, Roxburgh and Selkirk",55.594101,-2.612100,4501,3883
E14001086,Bethnal Green and Stepney,51.522400,-0.059242,5142,2495
E14001087,Beverley and Holderness,53.803799,-0.295362,3326,2714
E14001088,Bexhill and Battle,50.895100,0.455740,4218,3056
E14001089,Bexleyheath and Crayford,51.464901,0.155962,2822,1859
E14001090,Bicester and Woodstock,51.869099,-1.244430,6589,3188
E14001091,Birkenhead,53.381500,-3.036400,7077,2849
E14001092,Birmingham Edgbaston,52.459400,-1.963980,3180,2202
E14001093,Birmingham Erdington,52.528301,-1.847420,3499,2264
E14001094,Birmingham Hall Green and Moseley,52.443600,-1.866410,2754,1838
E14001095,Birmingham Hodge Hill and Solihull North,52.491501,-1.791180,2376,1888
E14001096,Birmingham Ladywood,52.482899,-1.896460,8888,4003
E14001097,Birmingham Northfield,52.407398,-1.970920,2857,2185
E14001098,Birmingham Perry Barr,52.515701,-1.915100,2624,1821
E14001099,Birmingham Selly Oak,52.424999,-1.909910,3009,1864
E14001100,Birmingham Yardley,52.458401,-1.818210,2361,1721
E14001101,Bishop Auckland,54.652901,-1.814330,4652,3827
E14001102,Blackburn,53.745899,-2.485360,3519,2202
E14001103,Blackley and Middleton South,53.519901,-2.208820,4569,2626
E14001104,Blackpool North and Fleetwood,53.881500,-3.026100,2964,2364
E14001105,Blackpool South,53.810101,-3.038600,4231,2804
W07000084,Blaenau Gwent and Rhymney,51.754601,-3.208650,5575,2572
E14001106,Blaydon and Consett,54.910999,-1.780950,3697,2925
E14001107,Blyth and Ashington,55.148102,-1.549910,3552,2869
E14001108,Bognor Regis and Littlehampton,50.800098,-0.609116,4310,3161
E14001109,Bolsover,53.197800,-1.302270,3170,2636
E14001110,Bolton North East,53.590000,-2.418490,4157,2822
E14001111,Bolton South and Walkden,53.544601,-2.413060,4261,2702
E14001112,Bolton West,53.576199,-2.510560,3272,2610
E14001113,Bootle,53.468201,-2.996380,3692,2491
E14001114,Boston and Skegness,53.046398,0.094077,4666,3793
E14001115,Bournemouth East,50.734299,-1.844340,3885,2404
E14001116,Bournemouth West,50.738098,-1.895960,4169,2507
E14001117,Bracknell,51.393600,-0.766313,5258,2149
E14001118,Bradford East,53.802799,-1.739900,4430,2696
E14001119,Bradford South,53.766102,-1.773050,3382,2855
E14001120,Bradford West,53.798500,-1.784360,4460,2732
E14001121,Braintree,51.914501,0.557534,5041,3122
W07000085,"Brecon, Radnor and Cwm Tawe",52.007999,-3.449370,4234,3591
E14001122,Brent East,51.555599,-0.243412,3249,2397
E14001123,Brent West,51.557499,-0.297123,3991,2166
E14001124,Brentford and Isleworth,51.473499,-0.341218,4627,2294
E14001125,Brentwood and Ongar,51.647499,0.295858,4127,2857
W07000086,Bridgend,51.509899,-3.594170,3048,2191
E14001126,Bridgwater,51.155399,-3.000970,3594,2889
E14001127,Bridlington and The Wolds,54.017399,-0.371467,5283,3221
E14001128,Brigg and Immingham,53.590302,-0.274050,3805,3044
E14001129,Brighton Kemptown and Peacehaven,50.812599,-0.061807,3378,1886
E14001130,Brighton Pavilion,50.833698,-0.139220,4383,1911
E14001131,Bristol Central,51.460098,-2.599440,4199,2664
E14001132,Bristol East,51.452999,-2.562610,5419,2684
E14001133,Bristol North East,51.473701,-2.519400,3374,2249
E14001134,Bristol North West,51.494301,-2.628490,3333,2615
E14001135,Bristol South,51.426899,-2.598740,3039,2487
E14001136,Broadland and Fakenham,52.726898,1.217760,3835,3365
E14001137,Bromley and Biggin Hill,51.388000,0.023977,3752,2200
E14001138,Bromsgrove,52.355400,-2.030040,3489,2873
E14001139,Broxbourne,51.728699,-0.028600,4183,2714
E14001140,Broxtowe,52.950100,-1.250220,3074,2223
E14001141,Buckingham and Bletchley,51.989799,-0.824238,4524,3132
E14001142,Burnley,53.795399,-2.248250,3910,2758
E14001143,Burton and Uttoxeter,52.839901,-1.701340,3464,2594
E14001144,Bury North,53.601002,-2.314120,3892,2705
E14001145,Bury South,53.541000,-2.291110,5413,2620
E14001146,Bury St Edmunds and Stowmarket,52.241600,0.810988,4264,3243
W07000087,Caerfyrddin,51.893398,-4.166840,4832,4088
W07000088,Caerphilly,51.613899,-3.219270,4709,2280
S14000069,"Caithness, Sutherland and Easter Ross",57.947498,-4.069930,4006,3418
E14001147,Calder Valley,53.709202,-1.927750,4832,3896
E14001148,Camborne and Redruth,50.228699,-5.254550,4067,3309
E14001149,Cambridge,52.204800,0.133911,5149,2581
E14001150,Cannock Chase,52.707401,-1.994080,4021,2244
E14001151,Canterbury,51.297501,1.071720,4406,3158
W07000089,Cardiff East,51.506199,-3.145560,4847,2061
W07000090,Cardiff North,51.522598,-3.202820,4710,2052
W07000091,Cardiff South and Penarth,51.463402,-3.180690,7486,2584
W07000092,Cardiff West,51.496101,-3.248170,3751,2172
E14001152,Carlisle,54.910400,-2.889140,4535,3397
E14001153,Carshalton and Wallington,51.364101,-0.155235,2828,1898
E14001154,Castle Point,51.546398,0.581587,2869,2123
S14000109,Central Ayrshire,55.569401,-4.627010,3185,2575
E14001155,Central Devon,50.716499,-3.744060,4820,4170
E14001156,Central Suffolk and North Ipswich,52.129601,1.201490,3925,3384
W07000093,Ceredigion Preseli,52.174500,-4.370740,5037,4255
E14001157,Chatham and Aylesford,51.343498,0.495767,2885,2159
E14001158,Cheadle,53.375900,-2.188220,3348,2169
E14001159,Chelmsford,51.736801,0.481050,4001,2282
E14001160,Chelsea and Fulham,51.482201,-0.189621,5510,2992
E14001161,Cheltenham,51.896702,-2.083540,5153,3358
E14001162,Chesham and Amersham,51.653301,-0.598382,4690,3040
E14001163,Chester North and Neston,53.230202,-2.941230,5231,2777
E14001164,Chester South and Eddisbury,53.136600,-2.702710,3833,3314
E14001165,Chesterfield,53.242100,-1.428120,3549,2631
E14001166,Chichester,50.823101,-0.788963,5814,3680
E14001167,Chingford and Woodford Green,51.615398,0.013016,3032,1803
E14001168,Chippenham,51.472099,-2.052420,4389,2968
E14001169,Chipping Barnet,51.636600,-0.184665,4595,2681
E14001170,Chorley,53.661098,-2.629930,3453,2470
E14001171,Christchurch,50.772099,-1.811660,3451,2522
E14001172,Cities of London and Westminster,51.512699,-0.134484,35202,13156
E14001173,City of Durham,54.775501,-1.593040,3755,2721
E14001174,Clacton,51.818901,1.165070,3850,3124
E14001175,Clapham and Brixton Hill,51.459702,-0.127801,4201,2171
W07000094,Clwyd East,53.198299,-3.250820,4042,3307
W07000095,Clwyd North,53.285900,-3.560990,4033,3062
S14000070,Coatbridge and Bellshill,55.850201,-4.041590,2839,2351
E14001176,Colchester,51.890800,0.903352,4181,2727
E14001177,Colne Valley,53.602699,-1.818120,4162,2558
E14001178,Congleton,53.151699,-2.303800,4175,2721
E14001179,Corby and East Northamptonshire,52.465302,-0.614074,3640,2875
E14001180,Coventry East,52.418900,-1.470220,2995,2310
E14001181,Coventry North West,52.423000,-1.541200,2065,1878
E14001182,Coventry South,52.403599,-1.514670,4203,2164
S14000071,Cowdenbeath and Kirkcaldy,56.093102,-3.243860,3107,2359
E14001183,Cramlington and Killingworth,55.063900,-1.570770,3404,2352
E14001184,Crawley,51.118099,-0.183719,4458,2674
E14001185,Crewe and Nantwich,53.088299,-2.451710,4224,2719
E14001186,Croydon East,51.371601,-0.068241,3382,1780
E14001187,Croydon South,51.332100,-0.113548,4213,2156
E14001188,Croydon West,51.384399,-0.102456,4079,2123
S14000072,Cumbernauld and Kirkintilloch,55.944698,-4.045110,2732,2093
E14001189,Dagenham and Rainham,51.542702,0.167617,3061,1896
E14001190,Darlington,54.531898,-1.558430,3846,2778
E14001191,Dartford,51.439899,0.242695,3307,2231
E14001192,Daventry,52.282700,-1.054350,4313,3053
E14001193,Derby North,52.920502,-1.492990,4264,2230
E14001194,Derby South,52.899899,-1.465110,6025,2382
E14001195,Derbyshire Dales,53.113602,-1.650250,4210,2767
E14001196,Dewsbury and Batley,53.693298,-1.634670,3484,2496
E14001197,Didcot and Wantage,51.605202,-1.289530,4364,3207
E14001198,Doncaster Central,53.515202,-1.115220,4548,2921
E14001199,Doncaster East and the Isle of Axholme,53.537998,-0.955261,3097,2601
E14001200,Doncaster North,53.559799,-1.171880,2877,2507
E14001201,Dorking and Horley,51.216000,-0.289550,4305,3073
E14001202,Dover and Deal,51.175598,1.321890,4100,3257
E14001203,Droitwich and Evesham,52.158901,-2.029000,4228,2804
E14001204,Dudley,52.516300,-2.105570,3012,2283
E14001205,Dulwich and West Norwood,51.445702,-0.097135,2956,1915
S14000073,Dumfries and Galloway,54.967201,-4.113530,5241,4587
S14000074,"Dumfriesshire, Clydesdale and Tweeddale",55.311001,-3.398760,4158,3576
S14000075,Dundee Central,56.471199,-2.988350,4759,3309
S14000076,Dunfermline and Dollar,56.071400,-3.480780,3206,2394
E14001206,Dunstable and Leighton Buzzard,51.905499,-0.594055,4123,2082
W07000096,Dwyfor Meirionnydd,52.917400,-4.112690,5582,4883
E14001207,Ealing Central and Acton,51.511902,-0.274112,4300,2728
E14001208,Ealing North,51.534100,-0.347518,4023,2214
E14001209,Ealing Southall,51.508099,-0.346759,3892,1971
E14001210,Earley and Woodley,51.437000,-0.941264,4150,2242
E14001211,Easington,54.781601,-1.356530,3262,2709
N05000005,East Antrim,54.801102,-5.881700,2698,2409
E14001212,East Grinstead and Uckfield,51.054798,0.003710,4497,3140
E14001213,East Ham,51.536201,0.052258,2331,1206
E14001214,East Hampshire,51.062401,-0.970904,4235,3220
S14000077,East Kilbride and Strathaven,55.747299,-4.160860,2923,2315
N05000006,East Londonderry,55.082100,-6.787710,3150,2846
S14000021,East Renfrewshire,55.787498,-4.330450,3199,2515
E14001215,East Surrey,51.257000,-0.059074,3683,2548
E14001216,East Thanet,51.361401,1.407790,4076,2875
E14001217,East Wiltshire,51.325500,-1.735060,4181,3262
E14001218,East Worthing and Shoreham,50.831699,-0.305276,4004,2619
E14001219,Eastbourne,50.779800,0.283554,4041,2865
E14001220,Eastleigh,50.970600,-1.356380,5492,2432
S14000078,Edinburgh East and Musselburgh,55.948002,-3.136490,3859,2863
S14000079,Edinburgh North and Leith,55.964298,-3.200500,5505,2938
S14000080,Edinburgh South,55.921299,-3.179410,3251,2515
S14000081,Edinburgh South West,55.921902,-3.261010,3460,2580
S14000082,Edinburgh West,55.951698,-3.285260,3872,2989
E14001221,Edmonton and Winchmore Hill,51.627399,-0.074172,3636,2264
E14001222,Ellesmere Port and Bromborough,53.298801,-2.941210,5753,2566
E14001223,Eltham and Chislehurst,51.445301,0.051598,3083,2115
E14001224,Ely and East Cambridgeshire,52.323700,0.253497,4024,2549
E14001225,Enfield North,51.657799,-0.064846,3998,2516
E14001226,Epping Forest,51.663200,0.067513,3668,2493
E14001227,Epsom and Ewell,51.327999,-0.283635,4533,2823
E14001228,Erewash,52.931000,-1.299570,2853,2067
E14001229,Erith and Thamesmead,51.489799,0.113674,2996,2090
E14001230,Esher and Walton,51.383099,-0.379227,4228,2519
E14001231,Exeter,50.723202,-3.524760,4422,2768
E14001232,Exmouth and Exeter East,50.684399,-3.420410,4099,3347
S14000083,Falkirk,55.997101,-3.806010,3282,2584
E14001233,Fareham and Waterlooville,50.867401,-1.129020,4361,3009
E14001234,Farnham and Bordon,51.152000,-0.792632,4821,3245
E14001235,Faversham and Mid Kent,51.280998,0.707774,4139,3400
E14001236,Feltham and Heston,51.456299,-0.402955,3143,1932
N05000007,Fermanagh and South Tyrone,54.369499,-7.426860,6121,5166
E14001237,Filton and Bradley Stoke,51.520401,-2.544650,4391,2285
E14001238,Finchley and Golders Green,51.585499,-0.193802,5855,2955
E14001239,Folkestone and Hythe,51.056999,1.090220,4113,2968
E14001240,Forest of Dean,51.809799,-2.512580,4443,3495
N05000008,Foyle,55.003502,-7.312210,2656,1915
E14001241,Frome and East Somerset,51.256699,-2.401320,4014,3231
E14001242,Fylde,53.777302,-2.966560,3777,2781
E14001243,Gainsborough,53.380699,-0.538473,4038,3261
E14001244,Gateshead Central and Whickham,54.946301,-1.622130,3339,2405
E14001245,Gedling,52.987499,-1.105200,3065,2284
E14001246,Gillingham and Rainham,51.370899,0.575752,2855,2080
S14000084,Glasgow East,55.848000,-4.203940,4505,2754
S14000085,Glasgow North,55.874401,-4.270240,5733,2778
S14000086,Glasgow North East,55.869598,-4.201280,4924,2776
S14000087,Glasgow South,55.821201,-4.265870,3138,2086
S14000088,Glasgow South West,55.841301,-4.317520,3510,2422
S14000089,Glasgow West,55.887100,-4.337070,3491,2408
E14001247,Glastonbury and Somerton,51.057499,-2.646280,4378,3586
S14000090,Glenrothes and Mid Fife,56.179001,-3.177540,2876,2496
E14001248,Gloucester,51.846802,-2.238990,4979,2749
E14001249,Godalming and Ash,51.185699,-0.600683,4353,3294
E14001250,Goole and Pocklington,53.804699,-0.787504,4823,3314
S14000091,Gordon and Buchan,57.385201,-2.368070,8188,3703
E14001251,Gorton and Denton,53.449501,-2.156190,3474,2569
E14001252,Gosport,50.807301,-1.167040,2838,2266
W07000097,Gower,51.643002,-4.032090,3651,2458
E14001253,Grantham and Bourne,52.897701,-0.550048,3652,2942
E14001254,Gravesham,51.424702,0.374129,3095,2267
E14001255,Great Grimsby and Cleethorpes,53.562099,-0.077573,4021,2825
E14001256,Great Yarmouth,52.613300,1.707490,3329,2720
E14001257,Greenwich and Woolwich,51.485100,0.030105,3617,2276
E14001258,Guildford,51.251400,-0.557919,5372,2898
E14001259,Hackney North and Stoke Newington,51.562401,-0.067632,3076,1771
E14001260,Hackney South and Shoreditch,51.536598,-0.068247,3301,2277
E14001261,Halesowen,52.462101,-2.062420,2816,2019
E14001262,Halifax,53.725800,-1.874350,4786,3402
E14001263,Hamble Valley,50.885101,-1.287910,5127,2551
S14000092,Hamilton and Clyde Valley,55.736900,-3.976270,3339,2635
E14001264,Hammersmith and Chiswick,51.496700,-0.238550,5546,2371
E14001265,Hampstead and Highgate,51.553501,-0.173722,4758,2747
E14001266,"Harborough, Oadby and Wigston",52.554298,-1.040300,3733,2261
E14001267,Harlow,51.773998,0.112894,3629,2416
E14001268,Harpenden and Berkhamsted,51.796501,-0.472056,4459,3090
E14001269,Harrogate and Knaresborough,54.000198,-1.518580,4229,2670
E14001270,Harrow East,51.604000,-0.302721,3137,2123
E14001271,Harrow West,51.581402,-0.342260,4384,2216
E14001272,Hartlepool,54.680901,-1.225430,3465,2671
E14001273,Harwich and North Essex,51.890499,1.009300,3995,3216
E14001274,Hastings and Rye,50.879601,0.595102,3900,2506
E14001275,Havant,50.845100,-0.984506,3124,2370
E14001276,Hayes and Harlington,51.501400,-0.431253,4291,2284
E14001277,Hazel Grove,53.399300,-2.098020,3053,2155
E14001278,Hemel Hempstead,51.751301,-0.467871,3617,2365
E14001279,Hendon,51.599998,-0.246400,5572,2884
E14001280,Henley and Thame,51.631302,-1.025690,6643,3722
E14001281,Hereford and South Herefordshire,52.003201,-2.719200,4304,3179
E14001282,Herne Bay and Sandwich,51.341702,1.231600,3762,3054
E14001283,Hertford and Stortford,51.827499,0.039574,4822,2931
E14001284,Hertsmere,51.668098,-0.278609,5509,3065
E14001285,Hexham,55.012100,-2.032820,6016,4907
E14001286,Heywood and Middleton North,53.585499,-2.205060,3618,2546
E14001287,High Peak,53.364601,-1.940710,5213,2867
E14001288,Hinckley and Bosworth,52.572601,-1.379300,3106,2314
E14001289,Hitchin,51.970699,-0.282666,3431,2546
E14001290,Holborn and St Pancras,51.528301,-0.131281,11869,5772
E14001291,Honiton and Sidmouth,50.768700,-3.182720,5679,4033
E14001292,Hornchurch and Upminster,51.577000,0.231037,3298,2147
E14001293,Hornsey and Friern Barnet,51.590199,-0.130269,3154,1862
E14001294,Horsham,51.054001,-0.342085,4462,2847
E14001295,Houghton and Sunderland South,54.860100,-1.451100,3068,2487
E14001296,Hove and Portslade,50.835701,-0.184653,3967,1896
E14001297,Huddersfield,53.646599,-1.778570,4306,2803
E14001298,Huntingdon,52.342999,-0.170792,7356,3229
E14001299,Hyndburn,53.751801,-2.372940,3041,2345
E14001300,Ilford North,51.586601,0.077065,2276,1746
E14001301,Ilford South,51.562000,0.088892,3531,1702
S14000093,Inverclyde and Renfrewshire West,55.926399,-4.728750,3459,2666
S14000094,"Inverness, Skye and West Ross-shire",57.361500,-4.694440,4736,3223
E14001302,Ipswich,52.052601,1.158470,4375,2862
E14001303,Isle of Wight East,50.675800,-1.167240,3159,2500
E14001304,Isle of Wight West,50.700298,-1.344640,3231,2617
E14001305,Islington North,51.560501,-0.115737,3725,1942
E14001306,Islington South and Finsbury,51.531200,-0.105749,10079,4704
E14001307,Jarrow and Gateshead East,54.961399,-1.510600,2747,2204
E14001308,Keighley and Ilkley,53.880600,-1.901030,4696,3450
E14001309,Kenilworth and Southam,52.271900,-1.485850,4149,3004
E14001310,Kensington and Bayswater,51.504501,-0.191957,7005,3698
E14001311,Kettering,52.406502,-0.737535,3370,2615
S14000110,Kilmarnock and Loudoun,55.601299,-4.446630,3909,3185
E14001312,Kingston and Surbiton,51.394798,-0.289872,4742,2482
E14001313,Kingston upon Hull East,53.763401,-0.307053,3621,2275
E14001314,Kingston upon Hull North and Cottingham,53.770401,-0.370435,3293,2457
E14001315,Kingston upon Hull West and Haltemprice,53.739799,-0.393771,4019,2604
E14001316,Kingswinford and South Staffordshire,52.529499,-2.191890,2939,2444
E14001317,Knowsley,53.450199,-2.855500,3347,2450
N05000009,Lagan Valley,54.484600,-6.099030,2998,2654
E14001318,Lancaster and Wyre,53.988602,-2.813180,3570,2727
E14001319,Leeds Central and Headingley,53.812199,-1.569030,4892,2632
E14001320,Leeds East,53.808498,-1.457490,3758,2531
E14001321,Leeds North East,53.836102,-1.534490,3341,2183
E14001322,Leeds North West,53.868599,-1.667400,3415,2562
E14001323,Leeds South,53.781799,-1.534680,4881,3020
E14001324,Leeds South West and Morley,53.754902,-1.592230,3437,2604
E14001325,Leeds West and Pudsey,53.804001,-1.642760,3431,2598
E14001326,Leicester East,52.649101,-1.095190,2521,1745
E14001327,Leicester South,52.626598,-1.123940,4477,2194
E14001328,Leicester West,52.639500,-1.157050,2517,2121
E14001329,Leigh and Atherton,53.501999,-2.517740,3690,2749
E14001330,Lewes,50.828602,0.097591,4697,3510
E14001331,Lewisham East,51.439400,-0.006466,2649,1753
E14001332,Lewisham North,51.470402,-0.024488,3897,2023
E14001333,Lewisham West and East Dulwich,51.442501,-0.056771,2951,1717
E14001334,Leyton and Wanstead,51.571201,0.007939,3088,1692
E14001335,Lichfield,52.704498,-1.851830,3696,2732
E14001336,Lincoln,53.223202,-0.549888,4248,2833
E14001337,Liverpool Garston,53.370899,-2.877260,3197,2136
E14001338,Liverpool Riverside,53.407501,-2.976800,7408,3363
E14001339,Liverpool Walton,53.454800,-2.936330,2489,1920
E14001340,Liverpool Wavertree,53.393700,-2.932170,2923,1927
E14001341,Liverpool West Derby,53.422798,-2.898230,2303,1772
S14000095,Livingston,55.890701,-3.526590,2819,2193
W07000098,Llanelli,51.715401,-4.171600,3193,2629
S14000096,Lothian East,55.972301,-2.826450,3208,2848
E14001342,Loughborough,52.768600,-1.217270,3088,2019
E14001343,Louth and Horncastle,53.298401,-0.000299,4411,3526
E14001344,Lowestoft,52.470402,1.700730,3027,2476
E14001345,Luton North,51.905399,-0.451074,2103,1517
E14001346,Luton South and South Bedfordshire,51.879700,-0.427095,3572,2065
E14001347,Macclesfield,53.275101,-2.125130,4129,2975
E14001348,Maidenhead,51.494400,-0.735020,5169,3238
E14001349,Maidstone and Malling,51.277802,0.490985,3917,2721
E14001350,Makerfield,53.518200,-2.622130,2485,2197
E14001351,Maldon,51.687500,0.656694,3938,2687
E14001352,Manchester Central,53.487999,-2.219240,9563,4323
E14001353,Manchester Rusholme,53.459099,-2.231110,3479,2368
E14001354,Manchester Withington,53.431801,-2.245650,4713,2128
E14001355,Mansfield,53.154598,-1.183750,3272,2539
E14001356,Melksham and Devizes,51.362099,-2.114250,4218,3262
E14001357,Melton and Syston,52.750599,-0.961103,3438,2443
E14001358,Meriden and Solihull East,52.426102,-1.736270,2970,2238
W07000099,Merthyr Tydfil and Aberdare,51.728100,-3.398410,3195,2631
W07000100,Mid and South Pembrokeshire,51.747101,-4.919860,4597,3823
E14001359,Mid Bedfordshire,52.027000,-0.503807,2977,2543
E14001360,Mid Buckinghamshire,51.756100,-0.835331,4681,3056
E14001361,Mid Cheshire,53.223999,-2.510070,3712,2502
E14001362,Mid Derbyshire,52.967499,-1.453420,3904,2014
E14001363,Mid Dorset and North Poole,50.763901,-2.012040,3585,2645
S14000097,Mid Dunbartonshire,55.930099,-4.244890,3865,2866
E14001364,Mid Leicestershire,52.651699,-1.199500,3320,2275
E14001365,Mid Norfolk,52.625099,0.939100,3734,3347
E14001366,Mid Sussex,50.974800,-0.128517,4191,2802
N05000010,Mid Ulster,54.694199,-6.678700,3002,2797
E14001367,Middlesbrough and Thornaby East,54.561798,-1.242410,4750,3217
E14001368,Middlesbrough South and East Cleveland,54.539200,-1.093990,2984,2366
S14000045,Midlothian,55.866901,-3.109780,3488,3032
E14001369,Milton Keynes Central,52.031601,-0.728505,5251,3418
E14001370,Milton Keynes North,52.070400,-0.780248,4504,2745
E14001371,Mitcham and Morden,51.403000,-0.175409,2542,1719
W07000101,Monmouthshire,51.716599,-2.818710,6303,3293
W07000102,Montgomeryshire and Glyndwr,52.706100,-3.260320,4728,4209
S14000098,"Moray West, Nairn and Strathspey",57.555901,-3.482910,5519,3393
E14001372,Morecambe and Lunesdale,54.121201,-2.778600,4277,3489
S14000099,"Motherwell, Wishaw and Carluke",55.774399,-3.927690,2870,2287
S14000027,Na h-Eileanan an Iar,57.977600,-6.701460,2020,976
W07000103,Neath and Swansea East,51.667198,-3.842770,3649,2503
E14001373,New Forest East,50.872898,-1.471030,5760,2546
E14001374,New Forest West,50.796200,-1.660400,5005,2976
E14001375,Newark,53.101002,-0.849446,4095,3412
E14001376,Newbury,51.417301,-1.343390,6791,3107
E14001377,Newcastle upon Tyne Central and West,54.978500,-1.650480,5364,3124
E14001378,Newcastle upon Tyne East and Wallsend,54.986801,-1.552510,3233,2355
E14001379,Newcastle upon Tyne North,55.009602,-1.612190,3400,2266
E14001380,Newcastle-under-Lyme,53.019199,-2.248920,3061,2332
W07000104,Newport East,51.591801,-2.975990,7806,2561
W07000105,Newport West and Islwyn,51.617699,-3.091020,5893,2440
N05000011,Newry and Armagh,54.241600,-6.517830,3328,2949
E14001381,Newton Abbot,50.545200,-3.558210,3969,2930
E14001382,Newton Aycliffe and Spennymoor,54.670898,-1.545330,3398,2748
E14001383,Normanton and Hemsworth,53.640301,-1.362730,3117,2765
N05000012,North Antrim,54.983398,-6.359300,3022,2721
S14000048,North Ayrshire and Arran,55.692101,-4.796420,3583,3020
E14001384,North Bedfordshire,52.145302,-0.382344,3680,2893
E14001385,North Cornwall,50.600700,-4.659630,4902,4125
E14001386,North Cotswolds,51.874298,-1.976060,4459,3661
E14001387,North Devon,51.092201,-4.023460,4684,3763
E14001388,North Dorset,50.922501,-2.157500,4361,3293
N05000013,North Down,54.647701,-5.680360,3269,2378
E14001389,North Durham,54.855099,-1.650000,3501,2826
E14001390,North East Cambridgeshire,52.586899,0.079213,3730,2984
E14001391,North East Derbyshire,53.265900,-1.418030,3889,2395
S14000100,North East Fife,56.293499,-2.953190,3937,3186
E14001392,North East Hampshire,51.283199,-0.900090,5908,3192
E14001393,North East Hertfordshire,51.967602,-0.110207,4622,3436
E14001394,North East Somerset and Hanham,51.389400,-2.515130,5603,2814
E14001395,North Herefordshire,52.147301,-2.673130,4081,3613
E14001396,North Norfolk,52.856998,1.284400,4300,3760
E14001397,North Northumberland,55.395599,-1.771450,5324,4350
E14001398,North Shropshire,52.880199,-2.831030,4713,3905
E14001399,North Somerset,51.436901,-2.756250,5302,2863
E14001400,North Warwickshire and Bedworth,52.531601,-1.587310,3110,2494
E14001401,North West Cambridgeshire,52.535599,-0.254875,3620,2506
E14001402,North West Essex,51.903301,0.308251,4302,3289
E14001403,North West Hampshire,51.278702,-1.308230,5830,3190
E14001404,North West Leicestershire,52.747101,-1.395790,4634,2479
E14001405,North West Norfolk,52.798698,0.458543,4267,3438
E14001406,Northampton North,52.252201,-0.885798,5025,2442
E14001407,Northampton South,52.236198,-0.876798,3200,2024
E14001408,Norwich North,52.650700,1.308150,3756,2529
E14001409,Norwich South,52.627800,1.277110,3188,2570
E14001410,Nottingham East,52.962399,-1.147500,4664,2907
E14001411,Nottingham North and Kimberley,52.992100,-1.196580,2392,2039
E14001412,Nottingham South,52.943298,-1.185050,3766,2159
E14001413,Nuneaton,52.522701,-1.482310,2597,2012
E14001414,Old Bexley and Sidcup,51.441601,0.110465,2648,1804
E14001415,Oldham East and Saddleworth,53.550499,-2.074790,3932,2833
E14001416,"Oldham West, Chadderton and Royton",53.541500,-2.130680,3312,2500
S14000051,Orkney and Shetland,59.570801,-2.167290,1597,1392
E14001417,Orpington,51.376202,0.096564,3117,2137
E14001418,Ossett and Denby Dale,53.639400,-1.586510,3306,2735
E14001419,Oxford East,51.738602,-1.215650,3955,2384
E14001420,Oxford West and Abingdon,51.726299,-1.276280,5204,2915
S14000101,Paisley and Renfrewshire North,55.868900,-4.413590,2994,2228
S14000102,Paisley and Renfrewshire South,55.833599,-4.470590,3378,2539
E14001421,Peckham,51.477901,-0.074884,3220,1984
E14001422,Pendle and Clitheroe,53.864799,-2.239730,5167,3476
E14001423,Penistone and Stocksbridge,53.489700,-1.547420,3982,2262
E14001424,Penrith and Solway,54.739300,-3.105960,6161,4637
S14000103,Perth and Kinross-shire,56.353600,-3.484490,4543,3301
E14001425,Peterborough,52.598900,-0.258351,4894,2609
E14001426,Plymouth Moor View,50.410500,-4.146040,2622,2165
E14001427,Plymouth Sutton and Devonport,50.377300,-4.142430,3642,2621
E14001428,"Pontefract, Castleford and Knottingley",53.706501,-1.323240,3354,2642
W07000106,Pontypridd,51.583302,-3.361560,3252,2259
E14001429,Poole,50.723598,-1.963460,3385,2319
E14001430,Poplar and Limehouse,51.508701,-0.029151,4232,2496
E14001431,Portsmouth North,50.831402,-1.069590,2654,2040
E14001432,Portsmouth South,50.795101,-1.082280,3871,2379
E14001433,Preston,53.766102,-2.704100,4855,2684
E14001434,Putney,51.455601,-0.216082,3077,2122
E14001435,Queen's Park and Maida Vale,51.531898,-0.208516,4967,2175
E14001436,Rawmarsh and Conisbrough,53.480000,-1.300220,3208,2491
E14001437,Rayleigh and Wickford,51.601101,0.596324,3042,2160
E14001438,Reading Central,51.458302,-0.976879,5819,2489
E14001439,Reading West and Mid Berkshire,51.449200,-1.086630,5091,2877
E14001440,Redcar,54.584400,-1.097830,3572,2760
E14001441,Redditch,52.287998,-1.945670,2983,2071
E14001442,Reigate,51.265999,-0.196546,4799,2948
W07000107,Rhondda and Ogmore,51.626202,-3.475140,2654,2230
E14001443,Ribble Valley,53.797298,-2.611480,3702,2801
E14001444,Richmond and Northallerton,54.386101,-1.594600,5404,4475
E14001445,Richmond Park,51.456100,-0.284276,4345,2566
E14001446,Rochdale,53.620399,-2.139250,3991,2725
E14001447,Rochester and Strood,51.396999,0.516274,4072,2692
E14001448,Romford,51.579700,0.180482,3464,2019
E14001449,Romsey and Southampton North,51.018101,-1.475450,5371,3009
E14001450,Rossendale and Darwen,53.694199,-2.325120,4285,3302
E14001451,Rother Valley,53.378101,-1.253400,3465,2139
E14001452,Rotherham,53.430000,-1.351670,3733,2622
E14001453,Rugby,52.385399,-1.280250,3243,2608
E14001454,"Ruislip, Northwood and Pinner",51.592800,-0.405804,4164,2441
E14001455,Runcorn and Helsby,53.304798,-2.724500,3606,2803
E14001456,Runnymede and Weybridge,51.377201,-0.480656,5586,3211
E14001457,Rushcliffe,52.899101,-1.107480,2635,2397
S14000104,Rutherglen,55.814301,-4.151150,3172,2489
E14001458,Rutland and Stamford,52.671501,-0.633676,3561,2932
E14001459,Salford,53.492298,-2.289260,5706,2978
E14001460,Salisbury,51.064899,-1.836000,4644,3423
E14001461,Scarborough and Whitby,54.343700,-0.507856,4113,3225
E14001462,Scunthorpe,53.575500,-0.643237,3327,2681
E14001463,Sefton Central,53.533100,-3.012750,2994,2307
E14001464,Selby,53.775600,-1.143430,4263,2973
E14001465,Sevenoaks,51.314602,0.183277,4336,2956
E14001466,Sheffield Brightside and Hillsborough,53.412498,-1.471040,2864,2073
E14001467,Sheffield Central,53.379101,-1.477860,4169,2204
E14001468,Sheffield Hallam,53.365700,-1.524180,2984,1924
E14001469,Sheffield Heeley,53.354000,-1.457450,3002,2036
E14001470,Sheffield South East,53.363499,-1.387670,3982,2451
E14001471,Sherwood Forest,53.089802,-1.115410,2822,2513
E14001472,Shipley,53.846199,-1.800680,3896,3047
E14001473,Shrewsbury,52.708000,-2.770260,4541,3518
E14001474,Sittingbourne and Sheppey,51.376400,0.749999,3500,2592
E14001475,Skipton and Ripon,54.040600,-1.914870,5693,4729
E14001476,Sleaford and North Hykeham,53.103500,-0.478690,3140,2728
E14001477,Slough,51.513901,-0.599804,4306,2422
E14001478,Smethwick,52.487000,-1.989250,2969,2148
E14001479,Solihull West and Shirley,52.410198,-1.805710,3158,2052
N05000014,South Antrim,54.700401,-6.111490,3165,2612
E14001480,South Basildon and East Thurrock,51.539001,0.444233,2718,2165
E14001481,South Cambridgeshire,52.140900,0.126397,4727,2597
E14001482,South Cotswolds,51.632702,-2.010220,4267,3355
E14001483,South Derbyshire,52.814602,-1.526840,3395,2305
E14001484,South Devon,50.367802,-3.673310,4772,3883
E14001485,South Dorset,50.617901,-2.339780,3818,2955
N05000015,South Down,54.226799,-6.013270,3084,2860
E14001486,South East Cornwall,50.428799,-4.378900,4402,3631
E14001487,South Holland and The Deepings,52.778301,-0.102158,3769,3068
E14001488,South Leicestershire,52.537899,-1.188720,3979,2550
E14001489,South Norfolk,52.564602,1.260600,3353,2984
E14001490,South Northamptonshire,52.124001,-0.993316,3831,2722
E14001491,South Ribble,53.698502,-2.720180,3765,2226
E14001492,South Shields,54.978001,-1.422080,2784,2135
E14001493,South Shropshire,52.492500,-2.631230,5095,4311
E14001494,South Suffolk,52.038898,0.882032,4586,3448
E14001495,South West Devon,50.383900,-4.048200,4590,3102
E14001496,South West Hertfordshire,51.652000,-0.446304,4848,2672
E14001497,South West Norfolk,52.546501,0.574763,3694,3130
E14001498,South West Wiltshire,51.255501,-2.198240,3775,2964
E14001499,Southampton Itchen,50.908901,-1.373240,6502,2597
E14001500,Southampton Test,50.921700,-1.423790,6568,2602
E14001501,Southend East and Rochford,51.548199,0.733728,3859,2268
E14001502,Southend West and Leigh,51.552898,0.673500,2872,2001
E14001503,Southgate and Wood Green,51.616699,-0.119690,4174,2368
E14001504,Southport,53.647999,-2.969510,3390,2178
E14001505,Spelthorne,51.422798,-0.457577,3769,2482
E14001506,Spen Valley,53.711700,-1.696450,3407,2770
E14001507,St Albans,51.744499,-0.321590,4529,2940
E14001508,St Austell and Newquay,50.367699,-4.874320,4000,3080
E14001509,St Helens North,53.466900,-2.692280,3016,2468
E14001510,St Helens South and Whiston,53.438202,-2.746500,3457,2588
E14001511,St Ives,50.120998,-5.458690,5236,4201
E14001512,St Neots and Mid Cambridgeshire,52.243801,-0.098972,5001,2601
E14001513,Stafford,52.820202,-2.168210,3558,2698
E14001514,Staffordshire Moorlands,53.075401,-2.041750,3275,2754
E14001515,Stalybridge and Hyde,53.470402,-2.054510,3221,2457
E14001516,Stevenage,51.897701,-0.192009,3462,2236
S14000105,Stirling and Strathallan,56.146900,-4.017810,4164,3239
E14001517,Stockport,53.414200,-2.166580,4129,2475
E14001518,Stockton North,54.584499,-1.313580,4372,2987
E14001519,Stockton West,54.533001,-1.370600,2691,2432
E14001520,Stoke-on-Trent Central,53.012299,-2.170220,4487,3021
E14001521,Stoke-on-Trent North,53.063499,-2.202410,3096,2351
E14001522,Stoke-on-Trent South,52.970100,-2.125850,2850,2385
E14001523,"Stone, Great Wyrley and Penkridge",52.758598,-2.095260,2849,2478
E14001524,Stourbridge,52.465500,-2.132330,3312,2243
N05000016,Strangford,54.508400,-5.687600,3196,2593
E14001525,Stratford and Bow,51.538601,-0.004085,3462,1988
E14001526,Stratford-on-Avon,52.193199,-1.747720,4502,3466
E14001527,Streatham and Croydon North,51.420898,-0.113632,3632,2009
E14001528,Stretford and Urmston,53.451401,-2.331740,5071,2736
E14001529,Stroud,51.721699,-2.280090,4234,3289
E14001530,Suffolk Coastal,52.107498,1.418250,5369,4083
E14001531,Sunderland Central,54.907001,-1.392560,4171,2750
E14001532,Surrey Heath,51.330200,-0.711315,4437,2540
E14001533,Sussex Weald,50.983501,0.225276,4570,3415
E14001534,Sutton and Cheam,51.364399,-0.204886,3253,1958
E14001535,Sutton Coldfield,52.562500,-1.820780,3749,2232
W07000108,Swansea West,51.634899,-3.953290,3240,2451
E14001536,Swindon North,51.592300,-1.781620,3425,2166
E14001537,Swindon South,51.556400,-1.783010,5296,2719
E14001538,Tamworth,52.630001,-1.703630,2974,2265
E14001539,Tatton,53.319199,-2.347660,5157,3635
E14001540,Taunton and Wellington,51.009499,-3.114050,4216,3116
E14001541,Telford,52.667500,-2.449750,4577,3386
E14001542,Tewkesbury,51.946201,-2.107620,3625,2816
E14001543,The Wrekin,52.725601,-2.459290,4091,3152
E14001544,Thirsk and Malton,54.201599,-0.980971,6182,4150
E14001545,Thornbury and Yate,51.553600,-2.468860,5737,2901
E14001546,Thurrock,51.486698,0.305586,3473,2068
E14001547,Tipton and Wednesbury,52.541302,-2.035780,2833,2215
E14001548,Tiverton and Minehead,51.043499,-3.407710,4819,4087
E14001549,Tonbridge,51.228901,0.259924,4497,3138
E14001550,Tooting,51.437302,-0.170713,3077,1694
E14001551,Torbay,50.461700,-3.546960,4093,2752
W07000109,Torfaen,51.675900,-3.035920,4229,2574
E14001552,Torridge and Tavistock,50.825298,-4.203410,4705,3948
E14001553,Tottenham,51.586399,-0.079984,3467,2034
E14001554,Truro and Falmouth,50.228600,-5.061920,4785,3597
E14001555,Tunbridge Wells,51.135601,0.314910,4826,3427
E14001556,Twickenham,51.436100,-0.342232,4258,2352
E14001557,Tynemouth,55.023899,-1.462750,3724,2533
N05000017,Upper Bann,54.424801,-6.376180,3046,2564
E14001558,Uxbridge and South Ruislip,51.543098,-0.457867,3712,2338
W07000110,Vale of Glamorgan,51.419601,-3.343900,4482,2177
E14001559,Vauxhall and Camberwell Green,51.482899,-0.109570,4186,2200
E14001560,Wakefield and Rothwell,53.696800,-1.498950,4019,2851
E14001561,Wallasey,53.414398,-3.064870,5762,2414
E14001562,Walsall and Bloxwich,52.592098,-1.987700,3473,2240
E14001563,Walthamstow,51.585098,-0.020839,2940,1642
E14001564,Warrington North,53.418098,-2.563020,3191,2362
E14001565,Warrington South,53.384998,-2.602410,4570,2675
E14001566,Warwick and Leamington,52.285999,-1.549380,4428,2831
E14001567,Washington and Gateshead South,54.908901,-1.528250,3226,2433
E14001568,Watford,51.662102,-0.403406,7225,2627
E14001569,Waveney Valley,52.363701,1.223290,4764,3854
E14001570,Weald of Kent,51.148800,0.644255,4783,3932
E14001571,Wellingborough and Rushden,52.300900,-0.652223,3733,2392
E14001572,Wells and Mendip Hills,51.265800,-2.749190,5108,3692
E14001573,Welwyn Hatfield,51.785301,-0.206547,4522,3054
S14000111,West Aberdeenshire and Kincardine,57.059200,-2.482510,6450,3347
E14001574,West Bromwich,52.517700,-2.002560,3528,2400
E14001575,West Dorset,50.780602,-2.601420,4966,3991
S14000106,West Dunbartonshire,55.941002,-4.491740,3189,2469
E14001576,West Ham and Beckton,51.518600,0.030272,2946,1944
E14001577,West Lancashire,53.566002,-2.834330,3238,2364
E14001578,West Suffolk,52.243198,0.499386,4264,3326
N05000018,West Tyrone,54.663300,-7.339380,3657,3294
E14001579,West Worcestershire,52.137699,-2.270370,4304,3383
E14001580,Westmorland and Lonsdale,54.388802,-2.790710,5169,4240
E14001581,Weston-super-Mare,51.348598,-2.946480,3796,2542
E14001582,Wetherby and Easingwold,53.984901,-1.314660,5987,3548
E14001583,Whitehaven and Workington,54.564602,-3.540200,4089,3424
E14001584,Widnes and Halewood,53.371700,-2.762180,3030,2241
E14001585,Wigan,53.554001,-2.641430,3777,2662
E14001586,Wimbledon,51.414398,-0.216439,3867,2288
E14001587,Winchester,51.042000,-1.268550,5198,3260
E14001588,Windsor,51.450901,-0.606635,4762,3121
E14001589,Wirral West,53.358299,-3.111720,6216,2582
E14001590,Witham,51.829800,0.702836,4300,3086
E14001591,Witney,51.754501,-1.535720,6019,3270
E14001592,Woking,51.319099,-0.560088,4482,2577
E14001593,Wokingham,51.414001,-0.851071,6072,2850
E14001594,Wolverhampton North East,52.602100,-2.092960,3477,2098
E14001595,Wolverhampton South East,52.572498,-2.072120,3171,2460
E14001596,Wolverhampton West,52.587299,-2.147420,3791,2600
E14001597,Worcester,52.198601,-2.209420,3939,2542
E14001598,Worsley and Eccles,53.489601,-2.381880,4686,2715
E14001599,Worthing West,50.819199,-0.407748,4550,3104
W07000111,Wrexham,53.051800,-2.986180,3992,3137
E14001600,Wycombe,51.623798,-0.763035,4236,2544
E14001601,Wyre Forest,52.375500,-2.264680,4306,3279
E14001602,Wythenshawe and Sale East,53.397999,-2.284480,5389,2985
E14001603,Yeovil,50.918098,-2.773030,4349,3398
W07000112,Ynys Môn,53.286098,-4.382870,3260,2891
E14001604,York Central,53.958500,-1.088480,6842,2788
E14001605,York Outer,53.973598,-1.076590,5922,2633
